location,2010,2019,Absolute Change,% Relative Change
Albania,0.00788569,0.007563973,-0.0003217170000000009,-4.079757129686823
Czechia,0.0081874,0.007857783,-0.00032961699999999906,-4.025905659916447
Germany,0.01926861,0.014213258,-0.005055351999999999,-26.236204894904198
Ireland,0.023581228,0.022481837,-0.0010993909999999982,-4.662144821295983
Italy,0.013085499,0.012693142,-0.00039235700000000116,-2.998410683459616
